Volley Llamas,25,Volleybrawler,23,7/16/2019,F,Loss
Volley Llamas,29,Volleybrawler,27,7/16/2019,F,Loss
Volley Llamas,25,Volleybrawler,22,7/16/2019,F,Loss
tigers,26,Volleybrawler,24,7/16/2019,F,Loss
Volleybrawler,26,tigers,24,7/16/2019,F,Win
Volleybrawler,25,tigers,23,7/16/2019,F,Win
Volleybrawler,25,Hit n Hope,15,7/8/2019,F,Win
Hit n Hope,25,Volleybrawler,14,7/8/2019,F,Loss
Hit n Hope,25,Volleybrawler,10,7/8/2019,F,Loss
Volleybrawler,25,WCS ++,23,7/8/2019,F,Win
Volleybrawler,28,WCS ++,26,7/8/2019,F,Win
Volleybrawler,25,WCS ++,22,7/8/2019,F,Win
The Wizards of Blocks,25,Volleybrawler,15,7/1/2019,F,Loss
The Wizards of Blocks,27,Volleybrawler,26,7/1/2019,F,Loss
The Wizards of Blocks,25,Volleybrawler,15,7/1/2019,F,Loss
All Day,25,Volleybrawler,15,7/1/2019,F,Loss
All Day,25,Volleybrawler,15,7/1/2019,F,Loss
All Day,25,Volleybrawler,15,7/1/2019,F,Loss
Volleybrawler,28,That's What CSEDS,26,6/25/2019,F,Win
That's What CSEDS,25,Volleybrawler,15,6/25/2019,F,Loss
That's What CSEDS,25,Volleybrawler,15,6/25/2019,F,Loss
How I set your mother,25,Volleybrawler,12,6/25/2019,F,Loss
How I set your mother,25,Volleybrawler,21,6/25/2019,F,Loss
Volleybrawler,26,How I set your mother,24,6/25/2019,F,Win
SEND IT,25,Volleybrawler,15,6/18/2019,F,Loss
SEND IT,25,Volleybrawler,15,6/18/2019,F,Loss
SEND IT,25,Volleybrawler,15,6/18/2019,F,Loss
Volleybrawler,25,Department of Offense,8,6/18/2019,FFV,Loss
Department of Offense,25,Volleybrawler,20,6/18/2019,FFV,Loss
Volleybrawler,25,Department of Offense,20,6/18/2019,FFV,Win
Notorious D.I.G.,25,Volleybrawler,23,6/11/2019,F,Loss
Volleybrawler,25,Notorious D.I.G.,23,6/11/2019,F,Win
Notorious D.I.G.,27,Volleybrawler,25,6/11/2019,F,Loss
One company One team,25,Volleybrawler,21,6/11/2019,F,Loss
Volleybrawler,25,One company One team,20,6/11/2019,F,Win
Volleybrawler,25,One company One team,15,6/11/2019,F,Win
Volleybrawler,25,How I set your mother,15,6/4/2019,F,Win
How I set your mother,25,Volleybrawler,15,6/4/2019,F,Loss
How I set your mother,25,Volleybrawler,15,6/4/2019,F,Loss
Notorious D.I.G.,25,Volleybrawler,16,6/4/2019,F,Loss
Notorious D.I.G.,25,Volleybrawler,15,6/4/2019,F,Loss
Volleybrawler,25,Notorious D.I.G.,21,6/4/2019,F,Win
Volleybrawler,25,tigers,15,5/29/2019,F,Win
tigers,25,Volleybrawler,15,5/29/2019,F,Loss
tigers,25,Volleybrawler,15,5/29/2019,F,Loss
Volleybrawler,25,Empire Spikes Back,14,5/22/2019,F,Win
Empire Spikes Back,25,Volleybrawler,21,5/22/2019,F,Loss
Volleybrawler,25,Empire Spikes Back,21,5/22/2019,F,Win
Volleybrawler,25,Volley Llamas,21,5/14/2019,F,Win
Volleybrawler,25,Volley Llamas,23,5/14/2019,F,Win
Volleybrawler,25,Volley Llamas,8,5/14/2019,F,Loss
Volleybrawler,25,One company One team,23,5/14/2019,F,Win
One company One team,25,Volleybrawler,21,5/14/2019,F,Loss
One company One team,25,Volleybrawler,15,5/14/2019,F,Loss
