Volley Llamas,25,Volleybrawler,23,7/16/2019,F,Win
Volley Llamas,29,Volleybrawler,27,7/16/2019,F,Win
Volley Llamas,25,Volleybrawler,22,7/16/2019,F,Win
Volley Llamas,25,One company One team,22,7/16/2019,F,Win
One company One team,25,Volley Llamas,20,7/16/2019,F,Loss
Volley Llamas,25,One company One team,16,7/16/2019,F,Win
SEND IT,25,Volley Llamas,21,7/2/2019,F,Loss
SEND IT,28,Volley Llamas,26,7/2/2019,F,Loss
SEND IT,25,Volley Llamas,13,7/2/2019,F,Loss
Department of Offense,25,Volley Llamas,20,7/2/2019,F,Loss
Department of Offense,25,Volley Llamas,20,7/2/2019,F,Loss
Department of Offense,25,Volley Llamas,20,7/2/2019,F,Loss
The Wizards of Blocks,25,Volley Llamas,9,6/24/2019,F,Win
The Wizards of Blocks,25,Volley Llamas,11,6/24/2019,F,Loss
The Wizards of Blocks,25,Volley Llamas,16,6/24/2019,F,Loss
All Day,25,Volley Llamas,14,6/24/2019,F,Loss
All Day,25,Volley Llamas,11,6/24/2019,F,Loss
All Day,25,Volley Llamas,11,6/24/2019,F,Loss
WCS ++,25,Volley Llamas,20,6/17/2019,F,Loss
WCS ++,25,Volley Llamas,20,6/17/2019,F,Loss
WCS ++,25,Volley Llamas,20,6/17/2019,F,Loss
Volley Llamas,25,tigers,18,6/11/2019,F,Win
tigers,25,Volley Llamas,21,6/11/2019,F,Loss
Volley Llamas,25,tigers,21,6/11/2019,F,Win
That's What CSEDS,25,Volley Llamas,11,6/11/2019,F,Loss
Volley Llamas,25,That's What CSEDS,17,6/11/2019,F,Win
That's What CSEDS,27,Volley Llamas,25,6/11/2019,F,Loss
Volley Llamas,25,Notorious D.I.G.,20,6/4/2019,F,Win
Notorious D.I.G.,25,Volley Llamas,17,6/4/2019,F,Loss
Volley Llamas,25,Notorious D.I.G.,17,6/4/2019,F,Win
Volley Llamas,25,How I set your mother,16,6/4/2019,F,Win
Volley Llamas,25,How I set your mother,18,6/4/2019,F,Win
Volley Llamas,25,How I set your mother,20,6/4/2019,F,Win
That's What CSEDS,25,Volley Llamas,13,5/28/2019,F,Loss
That's What CSEDS,25,Volley Llamas,15,5/28/2019,F,Loss
That's What CSEDS,25,Volley Llamas,18,5/28/2019,F,Loss
Volley Llamas,25,Empire Spikes Back,23,5/28/2019,F,Win
Volley Llamas,25,Empire Spikes Back,14,5/28/2019,F,Win
Empire Spikes Back,25,Volley Llamas,16,5/28/2019,F,Loss
Volley Llamas,25,How I set your mother,19,5/22/2019,F,Win
Volley Llamas,25,How I set your mother,18,5/22/2019,F,Win
Volley Llamas,25,How I set your mother,18,5/22/2019,F,Win
Empire Spikes Back,25,Volley Llamas,16,5/22/2019,F,Loss
Empire Spikes Back,20,Volley Llamas,18,5/22/2019,F,Loss
Empire Spikes Back,25,Volley Llamas,20,5/22/2019,F,Loss
Volleybrawler,25,Volley Llamas,21,5/14/2019,F,Loss
Volleybrawler,25,Volley Llamas,23,5/14/2019,F,Loss
Volleybrawler,25,Volley Llamas,8,5/14/2019,F,Win
Notorious D.I.G.,25,Volley Llamas,15,5/14/2019,F,Loss
Volley Llamas,25,Notorious D.I.G.,15,5/14/2019,F,Win
Notorious D.I.G.,25,Volley Llamas,15,5/14/2019,F,Loss
